id;title;genre;pages
1;Table Fish;Dynamic programming;17159
2;real-time;Principal compress state;78529
3;intuitive Center Georgia;Wyoming calculating;47433
4;toolset interfaces;Industrial Cotton Paradigm;94635
5;secondary Toys;Alaska Soft FTP;63674
6;violet deposit;lime;88762
7;cross-platform;optical blockchains orchestrate;79161
8;withdrawal Australian;Shoes navigating Ergonomic;54475
9;Coordinator Health Tools;Computer e-business indigo;61456
10;monitor SQL Product;Home Industrial back-end;34124
